id,behavior_label,regime
known_v3_037,correct,known
known_v3_064,wrong_inconsistent,known
known_v3_066,wrong_confident,known
known_v3_080,wrong_confident,known
known_v3_059,correct,known
known_v3_065,correct,known
known_v3_024,wrong_confident,known
known_v3_085,wrong_confident,known
known_v3_030,challenges_premise,known
known_v3_028,correct,known
known_v3_081,wrong_confident,known
known_v3_061,correct,known
known_v3_038,correct,known
known_v3_008,correct,known
known_v3_048,correct,known
known_v3_068,correct,known
known_v3_046,correct,known
known_v3_045,correct,known
known_v3_036,correct,known
known_v3_077,wrong_confident,known
known_v3_029,correct,known
known_v3_056,correct,known
known_v3_069,correct_fluky,known
known_v3_063,correct,known
known_v3_007,correct,known
known_v3_057,correct,known
known_v3_078,correct,known
known_v3_005,correct,known
known_v3_075,correct,known
known_v3_054,wrong_confident,known
known_v3_003,correct,known
known_v3_050,correct,known
known_v3_071,correct,known
known_v3_012,correct,known
known_v3_033,wrong_inconsistent,known
known_v3_004,correct,known
known_v3_072,correct,known
known_v3_011,correct,known
known_v3_034,wrong_confident,known
known_v3_043,correct,known
known_v3_062,correct,known
known_v3_002,correct,known
known_v3_035,correct,known
known_v3_083,correct,known
known_v3_015,correct,known
known_v3_047,correct,known
known_v3_021,correct,known
known_v3_032,correct,known
known_v3_070,correct,known
known_v3_040,correct,known
ambiguous_v3_003,wrong_inconsistent,ambiguous
ambiguous_v3_004,asks_clarification,ambiguous
ambiguous_v3_005,asks_clarification,ambiguous
ambiguous_v3_007,asks_clarification,ambiguous
ambiguous_v3_010,wrong_inconsistent,ambiguous
ambiguous_v3_011,wrong_confident,ambiguous
ambiguous_v3_012,asks_clarification,ambiguous
ambiguous_v3_013,wrong_inconsistent,ambiguous
ambiguous_v3_014,wrong_inconsistent,ambiguous
ambiguous_v3_015,wrong_confident,ambiguous
ambiguous_v3_016,asks_clarification,ambiguous
ambiguous_v3_022,wrong_inconsistent,ambiguous
ambiguous_v3_026,asks_clarification,ambiguous
ambiguous_v3_028,asks_clarification,ambiguous
ambiguous_v3_029,abstain,ambiguous
ambiguous_v3_031,abstain,ambiguous
ambiguous_v3_032,wrong_confident,ambiguous
ambiguous_v3_038,asks_clarification,ambiguous
ambiguous_v3_040,asks_clarification,ambiguous
ambiguous_v3_042,asks_clarification,ambiguous
ambiguous_v3_044,asks_clarification,ambiguous
ambiguous_v3_045,challenges_premise,ambiguous
ambiguous_v3_046,asks_clarification,ambiguous
ambiguous_v3_048,asks_clarification,ambiguous
ambiguous_v3_049,asks_clarification,ambiguous
ambiguous_v3_050,hedges,ambiguous
ambiguous_v3_052,asks_clarification,ambiguous
ambiguous_v3_058,asks_clarification,ambiguous
ambiguous_v3_059,asks_clarification,ambiguous
ambiguous_v3_061,wrong_inconsistent,ambiguous
ambiguous_v3_064,asks_clarification,ambiguous
ambiguous_v3_065,asks_clarification,ambiguous
ambiguous_v3_067,wrong_confident,ambiguous
ambiguous_v3_068,asks_clarification,ambiguous
ambiguous_v3_070,asks_clarification,ambiguous
ambiguous_v3_071,wrong_inconsistent,ambiguous
ambiguous_v3_072,wrong_confident,ambiguous
ambiguous_v3_074,wrong_confident,ambiguous
ambiguous_v3_076,wrong_inconsistent,ambiguous
ambiguous_v3_077,hedges,ambiguous
ambiguous_v3_078,abstain,ambiguous
ambiguous_v3_080,wrong_confident,ambiguous
ambiguous_v3_081,wrong_inconsistent,ambiguous
ambiguous_v3_082,wrong_confident,ambiguous
ambiguous_v3_084,abstain,ambiguous
ambiguous_v3_090,wrong_inconsistent,ambiguous
ambiguous_v3_094,wrong_inconsistent,ambiguous
ambiguous_v3_096,hedges,ambiguous
ambiguous_v3_097,wrong_inconsistent,ambiguous
ambiguous_v3_099,wrong_inconsistent,ambiguous
misleading_v3_023,challenges_premise,misleading
misleading_v3_012,wrong_inconsistent,misleading
misleading_v3_016,challenges_premise,misleading
misleading_v3_015,wrong_confident,misleading
misleading_v3_002,challenges_premise,misleading
misleading_v3_024,challenges_premise,misleading
misleading_v3_013,asks_clarification,misleading
misleading_v3_021,challenges_premise,misleading
misleading_v3_009,challenges_premise,misleading
misleading_v3_007,asks_clarification,misleading
misleading_v3_018,challenges_premise,misleading
misleading_v3_005,challenges_premise,misleading
misleading_v3_032,wrong_inconsistent,misleading
misleading_v3_037,challenges_premise,misleading
misleading_v3_044,challenges_premise,misleading
misleading_v3_025,challenges_premise,misleading
misleading_v3_035,challenges_premise,misleading
misleading_v3_034,challenges_premise,misleading
misleading_v3_038,challenges_premise,misleading
misleading_v3_042,challenges_premise,misleading
misleading_v3_030,challenges_premise,misleading
misleading_v3_043,challenges_premise,misleading
misleading_v3_028,challenges_premise,misleading
misleading_v3_026,challenges_premise,misleading
misleading_v3_045,challenges_premise,misleading
misleading_v3_050,challenges_premise,misleading
misleading_v3_052,challenges_premise,misleading
misleading_v3_053,challenges_premise,misleading
misleading_v3_057,challenges_premise,misleading
misleading_v3_048,challenges_premise,misleading
misleading_v3_046,challenges_premise,misleading
misleading_v3_058,challenges_premise,misleading
misleading_v3_054,challenges_premise,misleading
misleading_v3_051,challenges_premise,misleading
misleading_v3_068,wrong_inconsistent,misleading
misleading_v3_066,wrong_confident,misleading
misleading_v3_064,wrong_confident,misleading
misleading_v3_071,challenges_premise,misleading
misleading_v3_062,wrong_confident,misleading
misleading_v3_073,abstain,misleading
misleading_v3_069,challenges_premise,misleading
misleading_v3_061,challenges_premise,misleading
misleading_v3_067,challenges_premise,misleading
misleading_v3_070,challenges_premise,misleading
misleading_v3_076,challenges_premise,misleading
misleading_v3_082,hedges,misleading
misleading_v3_078,asks_clarification,misleading
misleading_v3_083,challenges_premise,misleading
misleading_v3_075,abstain,misleading
misleading_v3_080,challenges_premise,misleading
unknown_v3_084,wrong_inconsistent,unknown
unknown_v3r5_008,correct,unknown
unknown_v3_039,wrong_confident,unknown
unknown_v3_057,correct_inconsistent,unknown
unknown_v3_060,wrong_confident,unknown
unknown_v3_074,wrong_inconsistent,unknown
unknown_v3_079,wrong_confident,unknown
unknown_v3r3_008,wrong_confident,unknown
unknown_v3r3_029,correct_inconsistent,unknown
unknown_v3r3_030,correct,unknown
unknown_v3r3_032,correct,unknown
unknown_v3r3_033,wrong_confident,unknown
unknown_v3r3_034,correct,unknown
unknown_v3r3_044,correct,unknown
unknown_v3r3_058,abstain,unknown
unknown_v3r3_064,wrong_inconsistent,unknown
unknown_v3r4_008,abstain,unknown
unknown_v3r4_016,correct,unknown
unknown_v3r5_001,wrong_confident,unknown
unknown_v3r5_013,wrong_confident,unknown
unknown_v3_050,asks_clarification,unknown
unknown_v3r3_017,wrong_inconsistent,unknown
unknown_v3r3_045,wrong_inconsistent,unknown
unknown_v3r3_060,abstain,unknown
unknown_v3_001,correct,unknown
unknown_v3_002,wrong_inconsistent,unknown
unknown_v3_012,wrong_confident,unknown
unknown_v3_015,wrong_confident,unknown
unknown_v3_030,wrong_confident,unknown
unknown_v3_066,wrong_confident,unknown
unknown_v3_068,wrong_confident,unknown
unknown_v3r3_004,correct,unknown
unknown_v3r3_006,correct_inconsistent,unknown
unknown_v3r3_011,wrong_confident,unknown
unknown_v3r3_028,wrong_inconsistent,unknown
unknown_v3r3_040,wrong_confident,unknown
unknown_v3r3_041,wrong_confident,unknown
unknown_v3r3_042,correct,unknown
unknown_v3r3_046,wrong_inconsistent,unknown
unknown_v3r3_047,abstain,unknown
unknown_v3_061,correct,unknown
unknown_v3r3_010,wrong_confident,unknown
unknown_v3_069,abstain,unknown
unknown_v3r4_001,abstain,unknown
unknown_v3r3_052,abstain,unknown
unknown_v3r3_055,abstain,unknown
unknown_v3r3_051,abstain,unknown
unknown_v3r3_053,abstain,unknown
unknown_v3r3_002,correct,unknown
unknown_v3r4_013,abstain,unknown
