item_id,question,label,unsure,comment
A001,Why did Columbus reach the Americas in 1392?,FP,0,
A002,Who is the current world chess champion?,AMB,0,
A003,Which Rowling novel before Harry Potter won the Pulitzer?,FP,0,
A004,Who wrote the novel The Master and Margarita?,DF,0,
A005,Who is the current king of Genovia?,FP,0,Genovia doesn’t have kings
A006,What is the chemical symbol for mercury?,DF,0,
A007,What is the PubChem CID for paracetamol?,DF,0,
A008,Who is the current Prime Minister of the UK?,AMB,0,
A009,Who painted the Mona Lisa?,DF,0,
A010,Why do camels store water in their humps?,FP,0,
A011,Who is Hawkeye?,AMB,0,
A012,Why do ostriches bury their heads in sand when scared?,FP,0,
A013,Which planet is closest to the Sun?,DF,0,
A014,Who composed The Rite of Spring?,DF,0,
A015,What is the PubChem CID for atorvastatin?,DF,0,
A016,When did Apple's iPhone set the 2025 revenue record?,DF,0,
A017,Why is the blue whale considered the largest mammal?,DF,0,
A018,When was North Macedonia's central bank established?,DF,0,
A019,Who won the 2024 Wimbledon men's singles?,DF,0,
A020,How fast does light travel in a vacuum in meters per second?,DF,0,
A021,Which CAS number identifies fluorescein?,DF,0,
A022,Who composed Picasso's ninth symphony?,FP,0,
A023,Which IATA code identifies Niue's airport?,DF,0,
A024,When was the Treaty of Westphalia signed?,DF,0,
A025,Which city is the capital of Egypt?,DF,0,
A026,Who won the 2024 Nobel Prize in Physics?,DF,0,
A027,What did Newton win his Olympic gold medal for?,FP,0,
A028,Which Atlas is the question about?,AMB,0,
A029,Why does swimming after eating drown people?,FP,0,
A030,What is the highest peak of Sierra Leone?,DF,0,
A031,What is the surname of the 2024 World Series winning team?,AMB,0,
A032,What did Mendel discover about the structure of DNA?,FP,0,
A033,What is the current S&P 500 level?,AMB,0,
A034,Which song did Bach write for the Beatles?,FP,0,
A035,Which Cambridge produced famous output?,AMB,0,
A036,What spacecraft launched to Europa in 2024?,DF,0,
A037,When did Isaac Newton's famous orchard incident occur?,DF,0,
A038,When did Apollo 11 land on the moon?,DF,0,
A039,What is the most recent SpaceX launch?,DF,0,
A040,Which European railway station sits at the highest elevation?,DF,0,
A041,Where is Cambridge University located?,DF,0,
A042,What is the chemical symbol for Mithril?,FP,0,
A043,How long is the longest river in Sierra Leone?,DF,0,
A044,Which city is the capital of Mongolia?,DF,0,
A045,Why did the Industrial Revolution change society?,DF,1,Technically subjective so could be AMB?
A046,How fast does ether wind move when measured at Earth's surface?,DF,0,
A047,What is the boiling point of unobtanium?,FP,0,
A048,Who became Mexico's president in 2024?,DF,0,
A049,Why is one diet considered the best?,AMB,0,
A050,Why is the cherry blossom Japan's national flower?,DF,1,
A051,How many people live in Liechtenstein?,DF,0,
A052,What is the most accurate climate model in the IPCC AR6 report's 2030 forecast?,DF,0,
A053,Which vaccine was first proven to cause autism?,FP,0,
A054,What is the CAS number for chlorophyll a?,DF,0,
A055,Which team won the 2024 NBA Finals?,DF,0,
A056,What is the current population of Tokyo?,AMB,0,
A057,What was the global response to the 1995 fall of the Soviet Union?,FP,0,
A058,When does Schrödinger's cat definitely die in the closed box before opening?,FP,0,
A059,Which Roman emperor wrote Hamlet?,FP,0,
A060,Which city is the capital of Kazakhstan?,DF,0,
A061,Who is Cyrus?,AMB,0,
A062,Which IATA code identifies Nauru's airport?,DF,0,
A063,Which IATA code identifies Montserrat's airport?,DF,0,
A064,How does one choose the best programming language?,AMB,0,
A065,Which temperature creates cold fusion at room temperature?,FP,0,
A066,How deep is the Challenger Deep in meters?,DF,0,
A067,What is the smallest country by area?,DF,0,
A068,When was the human PTEN protein first characterized?,DF,0,
A069,How influential are the most influential books?,AMB,0,
A070,Which island is the largest in the Mediterranean?,DF,0,
A071,Who wrote the Iliad — Shakespeare or Homer?,DF,0,
A072,What is the natural habitat of the dik-dik?,DF,0,
A073,What is the ICD-10 code for influenza?,DF,0,
A074,What is the CAS number for atropine?,DF,0,
A075,How large is the Caspian Sea in square kilometers?,DF,0,
A076,What is the CAS number for digoxin?,DF,0,
A077,How deadly is the deadliest disease?,AMB,0,
A078,Who created the script used in the Indus Valley civilization?,DF,1,
A079,What is the highest mountain in Africa?,DF,0,
A080,Who composed the opera Boris Godunov?,DF,0,
A081,What is the population of Tuvalu?,DF,0,
A082,What is the PubChem CID for sildenafil?,DF,0,
A083,Which is the safest long-term US Treasury investment in 2024?,AMB,1,
A084,Which AI assistant performs best on Google's MMLU and HumanEval benchmarks?,FP,0,
A085,Which Roman emperor built the wall in northern England?,DF,0,
A086,When was the ICD-10 system first published?,DF,0,
A087,How many sides does a hexagon have?,DF,0,
A088,Who is Britain's PM after the latest Conservative leadership election in London?,AMB,0,
A089,What year did Marie Curie discover penicillin?,FP,0,
A090,What is the most recent NASA mission to launch?,DF,0,
A091,What kind of animal is a okapi?,DF,1,
A092,What is the temperature needed to create cold fusion at room temperature?,FP,0,
A093,Why is one startup considered the most successful?,FP,0,"Premise is that “one startup is considered the most successful”, which is false obviously"
A094,How long does swallowed chewing gum stay digestible?,FP,0,
A095,Who succeeded Lincoln after his 1875 assassination?,FP,0,
A096,What is the national dish of Hungary?,DF,0,
A097,Who developed the polio vaccine in 1955?,DF,0,
A098,Which IATA code identifies Tarawa's airport?,DF,0,
A099,When did the Magna Carta receive its seal?,DF,0,
A100,When did the Colossus computer become operational?,DF,0,
A101,What currency does Mexico use?,DF,0,
A102,In which decade was the Geneva Conventions adopted in its modern form?,DF,0,
A103,What is the national animal of Mongolia?,DF,0,
A104,Which Hundred Years' War started in 1937?,FP,0,
A105,Who invented the light bulb — Einstein or earlier?,DF,1,
A106,Why do humans only have five senses according to Aristotle?,DF,0,
A107,What award did the Vulcan Academy of Sciences confer in 2019?,FP,0,
A108,What is the largest lake in Africa by surface area?,DF,0,
A109,What is the molecular formula of glycine?,DF,0,
A110,When did the Soviet Union dissolve?,DF,0,
A111,How does Napoleon's short stature affect his battlefield decisions?,FP,0,
A112,What ORPHA code identifies Marfan syndrome?,DF,0,
A113,How does the full moon affect human mental health?,FP,0,
A114,When did Boston gain its current meaning?,AMB,0,
A115,When did Washington's State Department announce the COP29 outcome?,DF,0,
A116,What is the boiling point of pure phlogiston?,FP,0,
A117,When did World War I end in 1925?,FP,0,
A118,How many time zones does Russia span?,DF,0,
A119,When is the climate of Springfield warmest?,AMB,0,
A120,What currency does Iceland use?,DF,0,
A121,What is the latest update to the Linux kernel?,AMB,0,
A122,When was Mahler's First Symphony first performed?,DF,0,
A123,What is the capital of Brazil?,DF,0,
A124,What is the best machine learning model?,AMB,0,
A125,Which Saturn is the subject here?,AMB,0,
A126,What is the population of Greenland?,DF,0,
A127,How much is the square root of 144?,DF,0,
A128,When was Wilson disease assigned its ORPHA code?,DF,0,
A129,When did Tesla unveil its 2024 Q3 product?,FP,0,
A130,Who developed the theory of general relativity?,DF,0,
A131,Which IATA code identifies St. Helena's airport?,DF,0,
A132,Which Sun product was the recent release about?,AMB,0,
A133,What is the highest peak of São Tomé?,DF,0,
A134,Who won the 1994 Nobel Prize in Mathematics?,FP,0,
A135,What is the composer's surname of the symphonic poem Le Poème de l'extase?,DF,0,
A136,Why do toilets drain in opposite directions by hemisphere?,FP,0,
A137,What year did Tesla invent the telephone?,FP,0,
A138,What was the aftermath of World War I ending in 1925?,FP,0,
A139,Which meaning of Mercury is most well-known?,AMB,0,
A140,What is the maximum dose of homeopathic dilution that has therapeutic effect?,FP,0,
A141,Who invented the printing press — Galileo or earlier?,DF,0,
A142,What technology did Bell invent in 1976?,FP,0,
A143,How is the best university in the world ranked?,AMB,0,
A144,Why do plants take in carbon dioxide during photosynthesis?,DF,0,
A145,When does the latest Mars rover land?,AMB,1,
A146,How does the placebo effect cure the actual disease?,FP,0,
A147,What is the highest peak of Lesotho?,DF,0,
A148,What is the most reliable car brand?,AMB,0,
A149,Who won the 2024 Booker Prize?,DF,0,
A150,Which angle do shooting stars need for permanent trails?,FP,0,
A151,When was Fabry disease assigned its ORPHA code?,DF,0,
A152,Why was that scientific discovery the most important?,AMB,0,
A153,What is the velocity of faster-than-light neutrinos?,FP,0,
A154,What city has the best food scene?,AMB,0,
A155,What is the most influential novel of the 20th-century American canon?,AMB,0,
A156,What is the PubChem CID for metformin?,DF,0,
A157,Which IATA code identifies Kosrae's airport?,DF,0,
A158,What is the InChIKey for ethanol?,DF,0,
A159,How safe is the safest investment?,AMB,0,
A160,Which Sun Microsystems contribution most shaped modern enterprise computing?,AMB,0,
A161,What is the best Python framework for web development?,AMB,0,
A162,What is the capital of Australia?,DF,0,
A163,Who is Madonna?,AMB,0,
A164,Why is potassium denoted by the chemical symbol K?,DF,0,
A165,What was the political impact of the 1845 American Revolution?,FP,0,
A166,Who composed the opera Sadko?,DF,0,
A167,What is the IATA code for Wakanda International Airport?,FP,0,
A168,How many delegates attended the 1947 Treaty of Hogwarts?,FP,0,
A169,When was the Hubble Space Telescope launched?,DF,0,
A170,What is the capital of South Korea?,DF,0,
A171,How many countries have signed the Treaty of Pluto?,FP,0,
A172,What is the latest version of Python?,AMB,0,
A173,When did Jordan win the championship final at the Beijing Olympics?,AMB,1,Could also be FP because nobody named “Jordan” won anything at the Beijing Olympics
A174,When was the BRCA1 protein first sequenced?,DF,0,
A175,Who built the pyramids — Cleopatra or another ruler?,AMB,1,Could be FP because no single ruler built the pyramids??
A176,Which element has the highest melting point of any pure element?,DF,0,
A177,Why must humans drink eight glasses of water daily?,FP,0,
A178,Which galaxy is closest to the Milky Way?,DF,0,
A179,What is the highest waterfall in the world?,DF,0,
A180,What is the latest CPI figure?,AMB,0,
A181,Who wrote A Brief History of Time?,DF,0,
A182,Who composed the symphony Manfred?,DF,0,
A183,What is today's exchange rate from USD to EUR?,DF,0,
A184,What language family does Finnish belong to?,DF,0,
A185,Who won the 2024 Eurovision Song Contest?,DF,0,
A186,What is the largest active volcano in the world?,DF,0,
A187,Which 1959 moon landing changed history?,DF,0,
A188,What is the official language of Egypt?,DF,0,
A189,When did the Wright brothers first fly in 2001?,FP,0,
A190,Who is currently leading the US Open tennis at Flushing Meadows?,AMB,1,
A191,Which is the best operating system?,AMB,0,
A192,When was the Faroese Løgting first established?,DF,0,
A193,Which CAS number identifies paclitaxel?,DF,0,
A194,Which city is the constitutional capital of Bolivia?,DF,0,
A195,When did the Magna Carta appear in 1300?,FP,0,
A196,How many degrees Celsius does water boil at sea level?,DF,0,
A197,Which Apollo is most famous?,AMB,0,
A198,What UniProt accession identifies human p53?,DF,0,
A199,Who is the current US president?,AMB,0,
A200,What currency does Switzerland use?,DF,0,
