item_id,original_id,original_regime
A001,misleading_v3_070,misleading
A002,ambiguous_v3_078,ambiguous
A003,misleading_v3_038,misleading
A004,known_v3_047,known
A005,misleading_v3_051,misleading
A006,known_v3_061,known
A007,unknown_v3_030,unknown
A008,ambiguous_v3_082,ambiguous
A009,known_v3_021,known
A010,misleading_v3_023,misleading
A011,ambiguous_v3_014,ambiguous
A012,misleading_v3_002,misleading
A013,known_v3_015,known
A014,known_v3_048,known
A015,unknown_v3r3_041,unknown
A016,ambiguous_v3_029,ambiguous
A017,known_v3_033,known
A018,unknown_v3_012,unknown
A019,unknown_v3r3_058,unknown
A020,known_v3_024,known
A021,unknown_v3r3_029,unknown
A022,misleading_v3_035,misleading
A023,unknown_v3_002,unknown
A024,known_v3_043,known
A025,known_v3_005,known
A026,unknown_v3r3_055,unknown
A027,misleading_v3_042,misleading
A028,ambiguous_v3_012,ambiguous
A029,misleading_v3_018,misleading
A030,unknown_v3r3_010,unknown
A031,unknown_v3r4_001,unknown
A032,misleading_v3_032,misleading
A033,ambiguous_v3_084,ambiguous
A034,misleading_v3_044,misleading
A035,ambiguous_v3_005,ambiguous
A036,unknown_v3r3_060,unknown
A037,ambiguous_v3_038,ambiguous
A038,known_v3_050,known
A039,ambiguous_v3_081,ambiguous
A040,unknown_v3r3_064,unknown
A041,ambiguous_v3_015,ambiguous
A042,misleading_v3_052,misleading
A043,unknown_v3r3_028,unknown
A044,known_v3_036,known
A045,ambiguous_v3_061,ambiguous
A046,misleading_v3_082,misleading
A047,misleading_v3_048,misleading
A048,unknown_v3r4_008,unknown
A049,ambiguous_v3_042,ambiguous
A050,known_v3_069,known
A051,unknown_v3_060,unknown
A052,ambiguous_v3_070,ambiguous
A053,misleading_v3_016,misleading
A054,unknown_v3r3_034,unknown
A055,unknown_v3r3_052,unknown
A056,ambiguous_v3_074,ambiguous
A057,misleading_v3_066,misleading
A058,misleading_v3_083,misleading
A059,misleading_v3_037,misleading
A060,known_v3_037,known
A061,ambiguous_v3_004,ambiguous
A062,unknown_v3_001,unknown
A063,unknown_v3r3_006,unknown
A064,ambiguous_v3_040,ambiguous
A065,misleading_v3_073,misleading
A066,unknown_v3_068,unknown
A067,known_v3_028,known
A068,unknown_v3r4_016,unknown
A069,ambiguous_v3_044,ambiguous
A070,known_v3_046,known
A071,misleading_v3_028,misleading
A072,unknown_v3_084,unknown
A073,unknown_v3_050,unknown
A074,unknown_v3r3_032,unknown
A075,unknown_v3_066,unknown
A076,unknown_v3r3_033,unknown
A077,ambiguous_v3_049,ambiguous
A078,known_v3_077,known
A079,known_v3_056,known
A080,known_v3_070,known
A081,unknown_v3r5_001,unknown
A082,unknown_v3r3_040,unknown
A083,ambiguous_v3_067,ambiguous
A084,ambiguous_v3_071,ambiguous
A085,known_v3_078,known
A086,unknown_v3_057,unknown
A087,known_v3_034,known
A088,ambiguous_v3_099,ambiguous
A089,misleading_v3_030,misleading
A090,ambiguous_v3_076,ambiguous
A091,known_v3_081,known
A092,misleading_v3_076,misleading
A093,ambiguous_v3_048,ambiguous
A094,misleading_v3_009,misleading
A095,misleading_v3_061,misleading
A096,known_v3_068,known
A097,known_v3_065,known
A098,unknown_v3r3_004,unknown
A099,known_v3_063,known
A100,known_v3_080,known
A101,known_v3_008,known
A102,known_v3_085,known
A103,unknown_v3_079,unknown
A104,misleading_v3_068,misleading
A105,misleading_v3_025,misleading
A106,misleading_v3_012,misleading
A107,misleading_v3_058,misleading
A108,known_v3_075,known
A109,unknown_v3r5_008,unknown
A110,known_v3_059,known
A111,misleading_v3_005,misleading
A112,unknown_v3r3_046,unknown
A113,misleading_v3_015,misleading
A114,ambiguous_v3_022,ambiguous
A115,ambiguous_v3_028,ambiguous
A116,misleading_v3_080,misleading
A117,misleading_v3_057,misleading
A118,known_v3_054,known
A119,ambiguous_v3_007,ambiguous
A120,known_v3_040,known
A121,ambiguous_v3_090,ambiguous
A122,known_v3_066,known
A123,known_v3_003,known
A124,ambiguous_v3_059,ambiguous
A125,ambiguous_v3_016,ambiguous
A126,unknown_v3_074,unknown
A127,known_v3_035,known
A128,unknown_v3r3_047,unknown
A129,ambiguous_v3_031,ambiguous
A130,known_v3_032,known
A131,unknown_v3_061,unknown
A132,ambiguous_v3_010,ambiguous
A133,unknown_v3r3_011,unknown
A134,misleading_v3_045,misleading
A135,unknown_v3_069,unknown
A136,misleading_v3_013,misleading
A137,misleading_v3_026,misleading
A138,misleading_v3_064,misleading
A139,ambiguous_v3_003,ambiguous
A140,misleading_v3_078,misleading
A141,misleading_v3_034,misleading
A142,misleading_v3_071,misleading
A143,ambiguous_v3_050,ambiguous
A144,known_v3_030,known
A145,ambiguous_v3_094,ambiguous
A146,misleading_v3_024,misleading
A147,unknown_v3r3_008,unknown
A148,ambiguous_v3_064,ambiguous
A149,unknown_v3r3_051,unknown
A150,misleading_v3_007,misleading
A151,unknown_v3r4_013,unknown
A152,ambiguous_v3_058,ambiguous
A153,misleading_v3_075,misleading
A154,ambiguous_v3_065,ambiguous
A155,ambiguous_v3_068,ambiguous
A156,unknown_v3r3_042,unknown
A157,unknown_v3r3_002,unknown
A158,unknown_v3_039,unknown
A159,ambiguous_v3_045,ambiguous
A160,ambiguous_v3_032,ambiguous
A161,ambiguous_v3_046,ambiguous
A162,known_v3_002,known
A163,ambiguous_v3_011,ambiguous
A164,known_v3_011,known
A165,misleading_v3_069,misleading
A166,unknown_v3r3_017,unknown
A167,misleading_v3_050,misleading
A168,misleading_v3_054,misleading
A169,known_v3_071,known
A170,known_v3_004,known
A171,misleading_v3_046,misleading
A172,ambiguous_v3_080,ambiguous
A173,ambiguous_v3_026,ambiguous
A174,unknown_v3r3_044,unknown
A175,misleading_v3_043,misleading
A176,known_v3_072,known
A177,misleading_v3_021,misleading
A178,known_v3_064,known
A179,known_v3_083,known
A180,ambiguous_v3_096,ambiguous
A181,known_v3_057,known
A182,unknown_v3r5_013,unknown
A183,ambiguous_v3_077,ambiguous
A184,known_v3_045,known
A185,unknown_v3r3_053,unknown
A186,known_v3_062,known
A187,misleading_v3_053,misleading
A188,known_v3_029,known
A189,misleading_v3_067,misleading
A190,ambiguous_v3_097,ambiguous
A191,ambiguous_v3_052,ambiguous
A192,unknown_v3_015,unknown
A193,unknown_v3r3_030,unknown
A194,known_v3_038,known
A195,misleading_v3_062,misleading
A196,known_v3_012,known
A197,ambiguous_v3_013,ambiguous
A198,unknown_v3r3_045,unknown
A199,ambiguous_v3_072,ambiguous
A200,known_v3_007,known
